10377,human herpesvirus 4 strain b95-8,9606,homo sapiens,Q15233_Q8AZK7,364
10377,human herpesvirus 4 strain b95-8,9606,homo sapiens,P03206_Q5JY77,364
10377,human herpesvirus 4 strain b95-8,9606,homo sapiens,P0CK47_Q96NA8,364
10377,human herpesvirus 4 strain b95-8,9606,homo sapiens,O75094_P03185,364
10377,human herpesvirus 4 strain b95-8,9606,homo sapiens,O75925_P03209,364
10377,human herpesvirus 4 strain b95-8,9606,homo sapiens,P03230_Q9UHF1,364
10377,human herpesvirus 4 strain b95-8,9606,homo sapiens,P03215_Q9NSC5,364
10377,human herpesvirus 4 strain b95-8,9606,homo sapiens,B2RCM5_P0CK47,364
10377,human herpesvirus 4 strain b95-8,9606,homo sapiens,O15217_P03227,364
10377,human herpesvirus 4 strain b95-8,9606,homo sapiens,P03177_Q96D09,364
10377,human herpesvirus 4 strain b95-8,9606,homo sapiens,Q8AZK7_Q99729,364
10377,human herpesvirus 4 strain b95-8,9606,homo sapiens,Q8AZK7_Q9BUZ4,364
10377,human herpesvirus 4 strain b95-8,9606,homo sapiens,O75953_Q8AZK7,364
10377,human herpesvirus 4 strain b95-8,9606,homo sapiens,P03188_Q8N2S1,364
10377,human herpesvirus 4 strain b95-8,9606,homo sapiens,Q8AZJ3_Q93062,364
10377,human herpesvirus 4 strain b95-8,9606,homo sapiens,P38432_Q04360,364
10377,human herpesvirus 4 strain b95-8,9606,homo sapiens,P03203_P61769,364
10377,human herpesvirus 4 strain b95-8,9606,homo sapiens,P03225_P61978,364
10377,human herpesvirus 4 strain b95-8,9606,homo sapiens,O95271_P03211,364
10377,human herpesvirus 4 strain b95-8,9606,homo sapiens,P03211_Q99741,364
10377,human herpesvirus 4 strain b95-8,9606,homo sapiens,P03225_Q99750,364
10377,human herpesvirus 4 strain b95-8,9606,homo sapiens,O00182_P03230,364
10377,human herpesvirus 4 strain b95-8,9606,homo sapiens,P03225_Q9BRK4,364
10377,human herpesvirus 4 strain b95-8,9606,homo sapiens,P03230_Q13077,364
10377,human herpesvirus 4 strain b95-8,9606,homo sapiens,P11474_Q8AZK7,364
10377,human herpesvirus 4 strain b95-8,9606,homo sapiens,P0CK47_Q02818,364
10377,human herpesvirus 4 strain b95-8,9606,homo sapiens,P03211_Q8TBB1,364
10377,human herpesvirus 4 strain b95-8,9606,homo sapiens,O96006_P03197,364
10377,human herpesvirus 4 strain b95-8,9606,homo sapiens,P38159_Q04360,364
10377,human herpesvirus 4 strain b95-8,9606,homo sapiens,Q04360_Q5VWX1,364
10377,human herpesvirus 4 strain b95-8,9606,homo sapiens,P12977_Q9NWZ5,364
10377,human herpesvirus 4 strain b95-8,9606,homo sapiens,P08107_Q8AZK7,364
10377,human herpesvirus 4 strain b95-8,9606,homo sapiens,P0C739_Q8N6L0,364
10377,human herpesvirus 4 strain b95-8,9606,homo sapiens,O94813_P03208,364
10377,human herpesvirus 4 strain b95-8,9606,homo sapiens,P03225_Q08379,364
10377,human herpesvirus 4 strain b95-8,9606,homo sapiens,P03203_Q06330,364
10377,human herpesvirus 4 strain b95-8,9606,homo sapiens,P03211_Q8WV28,364
10377,human herpesvirus 4 strain b95-8,9606,homo sapiens,P42771_Q8AZK7,364
10377,human herpesvirus 4 strain b95-8,9606,homo sapiens,P12977_Q16635,364
10377,human herpesvirus 4 strain b95-8,9606,homo sapiens,P03203_P13746,364
10377,human herpesvirus 4 strain b95-8,9606,homo sapiens,Q04360_Q15415,364
10377,human herpesvirus 4 strain b95-8,9606,homo sapiens,P0CK47_Q12805,364
10377,human herpesvirus 4 strain b95-8,9606,homo sapiens,P03204_Q9Y676,364
10377,human herpesvirus 4 strain b95-8,9606,homo sapiens,P03227_Q15723,364
10377,human herpesvirus 4 strain b95-8,9606,homo sapiens,P03225_Q53G59,364
10377,human herpesvirus 4 strain b95-8,9606,homo sapiens,P03188_Q5JY77,364
10377,human herpesvirus 4 strain b95-8,9606,homo sapiens,P03232_Q9UBX5,364
10377,human herpesvirus 4 strain b95-8,9606,homo sapiens,P0C725_Q96AA8,364
10377,human herpesvirus 4 strain b95-8,9606,homo sapiens,P03211_P63167,364
10377,human herpesvirus 4 strain b95-8,9606,homo sapiens,P03188_Q9BRK4,364
10377,human herpesvirus 4 strain b95-8,9606,homo sapiens,P03230_Q9UKE5,364
10377,human herpesvirus 4 strain b95-8,9606,homo sapiens,P03211_P28676,364
10377,human herpesvirus 4 strain b95-8,9606,homo sapiens,P03211_Q99848,364
10377,human herpesvirus 4 strain b95-8,9606,homo sapiens,O14777_P0C725,364
10377,human herpesvirus 4 strain b95-8,9606,homo sapiens,O15533_P0C739,364
10377,human herpesvirus 4 strain b95-8,9606,homo sapiens,P03203_Q8NHL6,364
10377,human herpesvirus 4 strain b95-8,9606,homo sapiens,P03200_Q8IUQ4,364
10377,human herpesvirus 4 strain b95-8,9606,homo sapiens,P29882_P53618,364
10377,human herpesvirus 4 strain b95-8,9606,homo sapiens,P03230_Q9UMX0,364
10377,human herpesvirus 4 strain b95-8,9606,homo sapiens,P12977_P25788,364
10377,human herpesvirus 4 strain b95-8,9606,homo sapiens,P25685_Q8AZK7,364
10377,human herpesvirus 4 strain b95-8,9606,homo sapiens,P03203_Q8IUQ4,364
10377,human herpesvirus 4 strain b95-8,9606,homo sapiens,P03227_P07196,364
10377,human herpesvirus 4 strain b95-8,9606,homo sapiens,O95236_P03225,364
10377,human herpesvirus 4 strain b95-8,9606,homo sapiens,P03231_P06756,364
10377,human herpesvirus 4 strain b95-8,9606,homo sapiens,P03230_Q9NYJ8,364
10377,human herpesvirus 4 strain b95-8,9606,homo sapiens,P03185_Q8N6L0,364
10377,human herpesvirus 4 strain b95-8,9606,homo sapiens,P03186_P49759,364
10377,human herpesvirus 4 strain b95-8,9606,homo sapiens,P03211_P15529,364
10377,human herpesvirus 4 strain b95-8,9606,homo sapiens,A4D0U5_P03225,364
10377,human herpesvirus 4 strain b95-8,9606,homo sapiens,P0CK53_Q9NSC5,364
10377,human herpesvirus 4 strain b95-8,9606,homo sapiens,P03227_Q8IUQ4,364
10377,human herpesvirus 4 strain b95-8,9606,homo sapiens,P03225_Q9C0F1,364
10377,human herpesvirus 4 strain b95-8,9606,homo sapiens,O14641_P03197,364
10377,human herpesvirus 4 strain b95-8,9606,homo sapiens,P12977_P35869,364
10377,human herpesvirus 4 strain b95-8,9606,homo sapiens,P0CK47_P46379,364
10377,human herpesvirus 4 strain b95-8,9606,homo sapiens,P03177_Q96AA8,364
10377,human herpesvirus 4 strain b95-8,9606,homo sapiens,P03211_P25788,364
10377,human herpesvirus 4 strain b95-8,9606,homo sapiens,P03186_P30443,364
10377,human herpesvirus 4 strain b95-8,9606,homo sapiens,P29882_Q8TAP6,364
10377,human herpesvirus 4 strain b95-8,9606,homo sapiens,P03185_Q9BXN2,364
10377,human herpesvirus 4 strain b95-8,9606,homo sapiens,P03230_Q13546,364
10377,human herpesvirus 4 strain b95-8,9606,homo sapiens,O00170_P12977,364
10377,human herpesvirus 4 strain b95-8,9606,homo sapiens,P25214_P53634,364
10377,human herpesvirus 4 strain b95-8,9606,homo sapiens,P03211_Q07955,364
10377,human herpesvirus 4 strain b95-8,9606,homo sapiens,P03206_Q53ET0,364
10377,human herpesvirus 4 strain b95-8,9606,homo sapiens,P0CK47_Q93062,364
10377,human herpesvirus 4 strain b95-8,9606,homo sapiens,Q04360_Q15691,364
10377,human herpesvirus 4 strain b95-8,9606,homo sapiens,P03208_P20700,364
10377,human herpesvirus 4 strain b95-8,9606,homo sapiens,P03195_Q86VP1,364
10377,human herpesvirus 4 strain b95-8,9606,homo sapiens,P03203_Q8N423,364
10377,human herpesvirus 4 strain b95-8,9606,homo sapiens,P03227_Q9UBX5,364
10377,human herpesvirus 4 strain b95-8,9606,homo sapiens,P03225_Q58DX5,364
10377,human herpesvirus 4 strain b95-8,9606,homo sapiens,P29882_Q08379,364
10377,human herpesvirus 4 strain b95-8,9606,homo sapiens,P03208_P28799,364
10377,human herpesvirus 4 strain b95-8,9606,homo sapiens,P03211_Q15554,364
10377,human herpesvirus 4 strain b95-8,9606,homo sapiens,P03188_Q13064,364
10377,human herpesvirus 4 strain b95-8,9606,homo sapiens,P0CK53_Q9BYM8,364
10377,human herpesvirus 4 strain b95-8,9606,homo sapiens,P03203_P61289,364
10377,human herpesvirus 4 strain b95-8,9606,homo sapiens,P03211_P09455,364
10377,human herpesvirus 4 strain b95-8,9606,homo sapiens,P03186_Q9HA82,364
10377,human herpesvirus 4 strain b95-8,9606,homo sapiens,O15162_P0CK47,364
10377,human herpesvirus 4 strain b95-8,9606,homo sapiens,P68363_Q8AZK7,364
10377,human herpesvirus 4 strain b95-8,9606,homo sapiens,P14373_P29882,364
10377,human herpesvirus 4 strain b95-8,9606,homo sapiens,P03230_P63279,364
10377,human herpesvirus 4 strain b95-8,9606,homo sapiens,P12978_Q06330,364
10377,human herpesvirus 4 strain b95-8,9606,homo sapiens,P03227_Q8N6Y0,364
10377,human herpesvirus 4 strain b95-8,9606,homo sapiens,P03189_P25788,364
10377,human herpesvirus 4 strain b95-8,9606,homo sapiens,P0CK47_Q9Y228,364
10377,human herpesvirus 4 strain b95-8,9606,homo sapiens,P03188_Q93062,364
10377,human herpesvirus 4 strain b95-8,9606,homo sapiens,P03188_Q5T124,364
10377,human herpesvirus 4 strain b95-8,9606,homo sapiens,P03188_Q9UBX5,364
10377,human herpesvirus 4 strain b95-8,9606,homo sapiens,P03177_Q9Y3Q8,364
10377,human herpesvirus 4 strain b95-8,9606,homo sapiens,P0CK56_Q96IR5,364
10377,human herpesvirus 4 strain b95-8,9606,homo sapiens,P03208_Q9NSC5,364
10377,human herpesvirus 4 strain b95-8,9606,homo sapiens,P06493_P12978,364
10377,human herpesvirus 4 strain b95-8,9606,homo sapiens,P0CK47_Q8N2S1,364
10377,human herpesvirus 4 strain b95-8,9606,homo sapiens,P03203_Q96IK5,364
10377,human herpesvirus 4 strain b95-8,9606,homo sapiens,P03211_Q99750,364
10377,human herpesvirus 4 strain b95-8,9606,homo sapiens,P03211_Q13185,364
10377,human herpesvirus 4 strain b95-8,9606,homo sapiens,P03186_P04233,364
10377,human herpesvirus 4 strain b95-8,9606,homo sapiens,P07900_P12977,364
10377,human herpesvirus 4 strain b95-8,9606,homo sapiens,P12977_P36578,364
10377,human herpesvirus 4 strain b95-8,9606,homo sapiens,P03189_Q9UHV2,364
10377,human herpesvirus 4 strain b95-8,9606,homo sapiens,P08107_P13285,364
10377,human herpesvirus 4 strain b95-8,9606,homo sapiens,P01889_P03186,364
10377,human herpesvirus 4 strain b95-8,9606,homo sapiens,P03203_Q15942,364
10377,human herpesvirus 4 strain b95-8,9606,homo sapiens,P03200_Q9NSC5,364
10377,human herpesvirus 4 strain b95-8,9606,homo sapiens,P03225_Q5JR59,364
10377,human herpesvirus 4 strain b95-8,9606,homo sapiens,P29882_Q7Z6G3,364
10377,human herpesvirus 4 strain b95-8,9606,homo sapiens,P03225_P14373,364
10377,human herpesvirus 4 strain b95-8,9606,homo sapiens,P03188_P07942,364
10377,human herpesvirus 4 strain b95-8,9606,homo sapiens,P03195_Q08379,364
10377,human herpesvirus 4 strain b95-8,9606,homo sapiens,P29882_Q8TD10,364
10377,human herpesvirus 4 strain b95-8,9606,homo sapiens,O60684_P03211,364
10377,human herpesvirus 4 strain b95-8,9606,homo sapiens,O96006_P03185,364
10377,human herpesvirus 4 strain b95-8,9606,homo sapiens,P03182_Q86Y07,364
10377,human herpesvirus 4 strain b95-8,9606,homo sapiens,P03203_P25788,364
10377,human herpesvirus 4 strain b95-8,9606,homo sapiens,P03186_P39023,364
10377,human herpesvirus 4 strain b95-8,9606,homo sapiens,P12978_P56524,364
10377,human herpesvirus 4 strain b95-8,9606,homo sapiens,P03225_Q96D09,364
10377,human herpesvirus 4 strain b95-8,9606,homo sapiens,P03206_P17252,364
10377,human herpesvirus 4 strain b95-8,9606,homo sapiens,P13285_Q96J02,364
10377,human herpesvirus 4 strain b95-8,9606,homo sapiens,P03211_P78362,364
10377,human herpesvirus 4 strain b95-8,9606,homo sapiens,P03211_Q9Y371,364
10377,human herpesvirus 4 strain b95-8,9606,homo sapiens,P03211_Q8NDN9,364
10377,human herpesvirus 4 strain b95-8,9606,homo sapiens,P03203_Q8N9N5,364
10377,human herpesvirus 4 strain b95-8,9606,homo sapiens,P29882_Q13077,364
10377,human herpesvirus 4 strain b95-8,9606,homo sapiens,P03211_Q15326,364
10377,human herpesvirus 4 strain b95-8,9606,homo sapiens,P0C739_Q03518,364
10377,human herpesvirus 4 strain b95-8,9606,homo sapiens,P0C739_Q03519,364
10377,human herpesvirus 4 strain b95-8,9606,homo sapiens,P03188_P31947,364
10377,human herpesvirus 4 strain b95-8,9606,homo sapiens,O14641_Q04360,364
10377,human herpesvirus 4 strain b95-8,9606,homo sapiens,P03225_Q13077,364
10377,human herpesvirus 4 strain b95-8,9606,homo sapiens,P07900_Q8AZK7,364
10377,human herpesvirus 4 strain b95-8,9606,homo sapiens,O95817_Q8AZK7,364
10377,human herpesvirus 4 strain b95-8,9606,homo sapiens,P03204_P55854,364
10377,human herpesvirus 4 strain b95-8,9606,homo sapiens,P29882_Q12800,364
10377,human herpesvirus 4 strain b95-8,9606,homo sapiens,P19338_Q8AZK7,364
10377,human herpesvirus 4 strain b95-8,9606,homo sapiens,P03186_P28799,364
10377,human herpesvirus 4 strain b95-8,9606,homo sapiens,P12978_Q15326,364
10377,human herpesvirus 4 strain b95-8,9606,homo sapiens,Q04360_Q8NAK8,364
10377,human herpesvirus 4 strain b95-8,9606,homo sapiens,P03209_P14859,364
10377,human herpesvirus 4 strain b95-8,9606,homo sapiens,P03177_Q8N5R6,364
10377,human herpesvirus 4 strain b95-8,9606,homo sapiens,P0C739_Q96QF0,364
10377,human herpesvirus 4 strain b95-8,9606,homo sapiens,P30119_P62136,364
10377,human herpesvirus 4 strain b95-8,9606,homo sapiens,P03225_P15622,364
10377,human herpesvirus 4 strain b95-8,9606,homo sapiens,P29882_Q8IYX8,364
10377,human herpesvirus 4 strain b95-8,9606,homo sapiens,P03185_Q9NSC5,364
10377,human herpesvirus 4 strain b95-8,9606,homo sapiens,P06746_Q8AZJ7,364
10377,human herpesvirus 4 strain b95-8,9606,homo sapiens,P03186_P04406,364
10377,human herpesvirus 4 strain b95-8,9606,homo sapiens,P03177_P07196,364
10377,human herpesvirus 4 strain b95-8,9606,homo sapiens,P03211_Q08117,364
10377,human herpesvirus 4 strain b95-8,9606,homo sapiens,O96006_P03225,364
10377,human herpesvirus 4 strain b95-8,9606,homo sapiens,P03188_Q7Z6G3,364
10377,human herpesvirus 4 strain b95-8,9606,homo sapiens,P12977_Q06330,364
10377,human herpesvirus 4 strain b95-8,9606,homo sapiens,P03208_P04275,364
10377,human herpesvirus 4 strain b95-8,9606,homo sapiens,P62995_Q04360,364
10377,human herpesvirus 4 strain b95-8,9606,homo sapiens,Q04360_Q12800,364
10377,human herpesvirus 4 strain b95-8,9606,homo sapiens,P03206_Q7Z3K3,364
10377,human herpesvirus 4 strain b95-8,9606,homo sapiens,P0CK47_Q9NSC5,364
10377,human herpesvirus 4 strain b95-8,9606,homo sapiens,P0CK53_Q8TF72,364
10377,human herpesvirus 4 strain b95-8,9606,homo sapiens,P03188_P08670,364
10377,human herpesvirus 4 strain b95-8,9606,homo sapiens,P03211_Q92973,364
10377,human herpesvirus 4 strain b95-8,9606,homo sapiens,Q06330_Q9Q2P0,364
10377,human herpesvirus 4 strain b95-8,9606,homo sapiens,P03185_Q8TD10,364
10377,human herpesvirus 4 strain b95-8,9606,homo sapiens,O43318_P03230,364
10377,human herpesvirus 4 strain b95-8,9606,homo sapiens,Q13200_Q8AZK7,364
10377,human herpesvirus 4 strain b95-8,9606,homo sapiens,P01106_P03204,364
10377,human herpesvirus 4 strain b95-8,9606,homo sapiens,P03230_Q15326,364
10377,human herpesvirus 4 strain b95-8,9606,homo sapiens,Q8AZJ7_Q9BQ50,364
10377,human herpesvirus 4 strain b95-8,9606,homo sapiens,P03225_Q9UBB9,364
10377,human herpesvirus 4 strain b95-8,9606,homo sapiens,P03224_Q9NSC5,364
10377,human herpesvirus 4 strain b95-8,9606,homo sapiens,Q8AZJ3_Q96R06,364
10377,human herpesvirus 4 strain b95-8,9606,homo sapiens,P25214_Q49A88,364
10377,human herpesvirus 4 strain b95-8,9606,homo sapiens,O14744_P03211,364
10377,human herpesvirus 4 strain b95-8,9606,homo sapiens,P03211_P52292,364
10377,human herpesvirus 4 strain b95-8,9606,homo sapiens,A1L0V1_P0CK47,364
10377,human herpesvirus 4 strain b95-8,9606,homo sapiens,P03211_P52294,364
10377,human herpesvirus 4 strain b95-8,9606,homo sapiens,P03203_Q9BUZ4,364
10377,human herpesvirus 4 strain b95-8,9606,homo sapiens,P03206_Q92734,364
10377,human herpesvirus 4 strain b95-8,9606,homo sapiens,P03204_P20248,364
10377,human herpesvirus 4 strain b95-8,9606,homo sapiens,P0CK47_P55268,364
10377,human herpesvirus 4 strain b95-8,9606,homo sapiens,P03225_Q8N2S1,364
10377,human herpesvirus 4 strain b95-8,9606,homo sapiens,P03212_Q9NSC5,364
10377,human herpesvirus 4 strain b95-8,9606,homo sapiens,P03211_P30626,364
10377,human herpesvirus 4 strain b95-8,9606,homo sapiens,Q8AZK7_Q8N726,364
10377,human herpesvirus 4 strain b95-8,9606,homo sapiens,P03188_Q13077,364
10377,human herpesvirus 4 strain b95-8,9606,homo sapiens,P03177_Q16206,364
10377,human herpesvirus 4 strain b95-8,9606,homo sapiens,P03185_P28799,364
10377,human herpesvirus 4 strain b95-8,9606,homo sapiens,P11142_Q8AZK7,364
10377,human herpesvirus 4 strain b95-8,9606,homo sapiens,P03209_P63279,364
10377,human herpesvirus 4 strain b95-8,9606,homo sapiens,P03188_P14373,364
10377,human herpesvirus 4 strain b95-8,9606,homo sapiens,P03186_P80303,364
10377,human herpesvirus 4 strain b95-8,9606,homo sapiens,P03188_P04275,364
10377,human herpesvirus 4 strain b95-8,9606,homo sapiens,P26599_P29882,364
10377,human herpesvirus 4 strain b95-8,9606,homo sapiens,P29882_Q6NUQ1,364
10377,human herpesvirus 4 strain b95-8,9606,homo sapiens,O43889_P0C739,364
10377,human herpesvirus 4 strain b95-8,9606,homo sapiens,P0CK47_Q9UHF1,364
10377,human herpesvirus 4 strain b95-8,9606,homo sapiens,P29882_Q96CV9,364
10377,human herpesvirus 4 strain b95-8,9606,homo sapiens,O43866_P03211,364
10377,human herpesvirus 4 strain b95-8,9606,homo sapiens,P29882_Q9H892,364
10377,human herpesvirus 4 strain b95-8,9606,homo sapiens,P03204_P25788,364
10377,human herpesvirus 4 strain b95-8,9606,homo sapiens,P03204_Q13547,364
10377,human herpesvirus 4 strain b95-8,9606,homo sapiens,P03230_P08962,364
10377,human herpesvirus 4 strain b95-8,9606,homo sapiens,P03185_Q99873,364
10377,human herpesvirus 4 strain b95-8,9606,homo sapiens,P03211_P19784,364
10377,human herpesvirus 4 strain b95-8,9606,homo sapiens,O15217_P29882,364
10377,human herpesvirus 4 strain b95-8,9606,homo sapiens,P03207_P40123,364
10377,human herpesvirus 4 strain b95-8,9606,homo sapiens,P03188_Q8N6Y0,364
10377,human herpesvirus 4 strain b95-8,9606,homo sapiens,P03203_Q9Y371,364
10377,human herpesvirus 4 strain b95-8,9606,homo sapiens,P03225_Q9UJV3,364
10377,human herpesvirus 4 strain b95-8,9606,homo sapiens,P03230_Q13114,364
10377,human herpesvirus 4 strain b95-8,9606,homo sapiens,P0CK53_Q96CV9,364
10377,human herpesvirus 4 strain b95-8,9606,homo sapiens,P0CK47_Q9UBP4,364
10377,human herpesvirus 4 strain b95-8,9606,homo sapiens,P0CK47_Q9UEW3,364
10377,human herpesvirus 4 strain b95-8,9606,homo sapiens,P03205_P28799,364
10377,human herpesvirus 4 strain b95-8,9606,homo sapiens,P30119_Q13137,364
10377,human herpesvirus 4 strain b95-8,9606,homo sapiens,P03188_Q8IUQ4,364
10377,human herpesvirus 4 strain b95-8,9606,homo sapiens,P03225_P25788,364
10377,human herpesvirus 4 strain b95-8,9606,homo sapiens,P17844_Q8AZK7,364
10377,human herpesvirus 4 strain b95-8,9606,homo sapiens,P03206_P63244,364
10377,human herpesvirus 4 strain b95-8,9606,homo sapiens,P03186_P68871,364
10377,human herpesvirus 4 strain b95-8,9606,homo sapiens,P03179_Q9UER7,364
10377,human herpesvirus 4 strain b95-8,9606,homo sapiens,A1KXE4_P03188,364
10377,human herpesvirus 4 strain b95-8,9606,homo sapiens,P07437_Q8AZK7,364
10377,human herpesvirus 4 strain b95-8,9606,homo sapiens,O43707_P03203,364
10377,human herpesvirus 4 strain b95-8,9606,homo sapiens,Q13263_Q8AZJ7,364
10377,human herpesvirus 4 strain b95-8,9606,homo sapiens,P12977_P48643,364
10377,human herpesvirus 4 strain b95-8,9606,homo sapiens,P03211_Q93009,364
10377,human herpesvirus 4 strain b95-8,9606,homo sapiens,P03227_Q9H190,364
10377,human herpesvirus 4 strain b95-8,9606,homo sapiens,P02751_P03188,364
10377,human herpesvirus 4 strain b95-8,9606,homo sapiens,Q04360_Q8N7W2,364
10377,human herpesvirus 4 strain b95-8,9606,homo sapiens,O00308_P03207,364
10377,human herpesvirus 4 strain b95-8,9606,homo sapiens,P03228_P09603,364
10377,human herpesvirus 4 strain b95-8,9606,homo sapiens,P03185_Q13323,364
10377,human herpesvirus 4 strain b95-8,9606,homo sapiens,P25214_Q13164,364
10377,human herpesvirus 4 strain b95-8,9606,homo sapiens,P03177_Q5JY77,364
10377,human herpesvirus 4 strain b95-8,9606,homo sapiens,O43929_P03211,364
10377,human herpesvirus 4 strain b95-8,9606,homo sapiens,O43865_Q8AZK7,364
10377,human herpesvirus 4 strain b95-8,9606,homo sapiens,P0C739_P27824,364
10377,human herpesvirus 4 strain b95-8,9606,homo sapiens,O00471_P03185,364
10377,human herpesvirus 4 strain b95-8,9606,homo sapiens,P03186_Q86X95,364
10377,human herpesvirus 4 strain b95-8,9606,homo sapiens,P0CK47_Q86V58,364
10377,human herpesvirus 4 strain b95-8,9606,homo sapiens,Q8AZK7_Q96KG9,364
10377,human herpesvirus 4 strain b95-8,9606,homo sapiens,P03203_P12814,364
10377,human herpesvirus 4 strain b95-8,9606,homo sapiens,P52272_Q8AZK7,364
10377,human herpesvirus 4 strain b95-8,9606,homo sapiens,P03211_Q99816,364
10377,human herpesvirus 4 strain b95-8,9606,homo sapiens,P03186_Q8TD31,364
10377,human herpesvirus 4 strain b95-8,9606,homo sapiens,P03177_Q9Y2D8,364
10377,human herpesvirus 4 strain b95-8,9606,homo sapiens,P56524_Q8AZK7,364
10377,human herpesvirus 4 strain b95-8,9606,homo sapiens,O76013_P03211,364
10377,human herpesvirus 4 strain b95-8,9606,homo sapiens,P03227_P15622,364
10377,human herpesvirus 4 strain b95-8,9606,homo sapiens,P0C725_Q8TBB1,364
10377,human herpesvirus 4 strain b95-8,9606,homo sapiens,P03225_P61289,364
10377,human herpesvirus 4 strain b95-8,9606,homo sapiens,P03206_P10276,364
10377,human herpesvirus 4 strain b95-8,9606,homo sapiens,P03230_P08107,364
10377,human herpesvirus 4 strain b95-8,9606,homo sapiens,P03188_Q9UJV3,364
10377,human herpesvirus 4 strain b95-8,9606,homo sapiens,P10809_Q8AZK7,364
10377,human herpesvirus 4 strain b95-8,9606,homo sapiens,P29882_Q8ND90,364
10377,human herpesvirus 4 strain b95-8,9606,homo sapiens,P03186_Q6PJR7,364
10377,human herpesvirus 4 strain b95-8,9606,homo sapiens,P0CK47_P28799,364
10377,human herpesvirus 4 strain b95-8,9606,homo sapiens,P03211_Q13415,364
10377,human herpesvirus 4 strain b95-8,9606,homo sapiens,P03211_Q13416,364
10377,human herpesvirus 4 strain b95-8,9606,homo sapiens,P13288_Q01831,364
10377,human herpesvirus 4 strain b95-8,9606,homo sapiens,P03230_Q92985,364
10377,human herpesvirus 4 strain b95-8,9606,homo sapiens,P03204_Q9UBX5,364
10377,human herpesvirus 4 strain b95-8,9606,homo sapiens,P03199_P28799,364
10377,human herpesvirus 4 strain b95-8,9606,homo sapiens,P03211_Q86WN1,364
10377,human herpesvirus 4 strain b95-8,9606,homo sapiens,P03230_Q9UI14,364
10377,human herpesvirus 4 strain b95-8,9606,homo sapiens,O43889_P03205,364
10377,human herpesvirus 4 strain b95-8,9606,homo sapiens,P29882_Q9BV19,364
10377,human herpesvirus 4 strain b95-8,9606,homo sapiens,P43355_Q8AZK7,364
10377,human herpesvirus 4 strain b95-8,9606,homo sapiens,O75928_P03209,364
10377,human herpesvirus 4 strain b95-8,9606,homo sapiens,P03225_Q8ND90,364
10377,human herpesvirus 4 strain b95-8,9606,homo sapiens,P63279_Q04360,364
10377,human herpesvirus 4 strain b95-8,9606,homo sapiens,P03203_Q93062,364
10377,human herpesvirus 4 strain b95-8,9606,homo sapiens,O15217_P12888,364
10377,human herpesvirus 4 strain b95-8,9606,homo sapiens,P13285_Q08380,364
10377,human herpesvirus 4 strain b95-8,9606,homo sapiens,P23497_Q04360,364
10377,human herpesvirus 4 strain b95-8,9606,homo sapiens,P03180_Q13651,364
10377,human herpesvirus 4 strain b95-8,9606,homo sapiens,P03206_Q16206,364
10377,human herpesvirus 4 strain b95-8,9606,homo sapiens,P0CK53_Q71U36,364
10377,human herpesvirus 4 strain b95-8,9606,homo sapiens,P03211_Q8IYX8,364
10377,human herpesvirus 4 strain b95-8,9606,homo sapiens,P03215_Q02818,364
10377,human herpesvirus 4 strain b95-8,9606,homo sapiens,P03188_Q12933,364
10377,human herpesvirus 4 strain b95-8,9606,homo sapiens,P03185_P04275,364
10377,human herpesvirus 4 strain b95-8,9606,homo sapiens,P03207_Q9NPJ6,364
10377,human herpesvirus 4 strain b95-8,9606,homo sapiens,P0CK47_Q6PKC3,364
10377,human herpesvirus 4 strain b95-8,9606,homo sapiens,O00165_Q8AZK7,364
10377,human herpesvirus 4 strain b95-8,9606,homo sapiens,P03188_P63010,364
10377,human herpesvirus 4 strain b95-8,9606,homo sapiens,P03186_P63010,364
10377,human herpesvirus 4 strain b95-8,9606,homo sapiens,P0DMV9_Q8AZK7,364
10377,human herpesvirus 4 strain b95-8,9606,homo sapiens,P03185_Q969F0,364
10377,human herpesvirus 4 strain b95-8,9606,homo sapiens,P03211_Q01105,364
10377,human herpesvirus 4 strain b95-8,9606,homo sapiens,P28799_Q8AZJ3,364
10377,human herpesvirus 4 strain b95-8,9606,homo sapiens,P03204_Q9Y5V3,364
10377,human herpesvirus 4 strain b95-8,9606,homo sapiens,P03211_Q9NRD5,364
10377,human herpesvirus 4 strain b95-8,9606,homo sapiens,Q05D60_Q8AZK7,364
10377,human herpesvirus 4 strain b95-8,9606,homo sapiens,P61978_Q8AZK7,364
10377,human herpesvirus 4 strain b95-8,9606,homo sapiens,P03204_Q06330,364
10377,human herpesvirus 4 strain b95-8,9606,homo sapiens,P03196_Q8N5R6,364
10377,human herpesvirus 4 strain b95-8,9606,homo sapiens,P12977_P22736,364
10377,human herpesvirus 4 strain b95-8,9606,homo sapiens,P03188_Q8IYX8,364
10377,human herpesvirus 4 strain b95-8,9606,homo sapiens,P0CK47_P63279,364
10377,human herpesvirus 4 strain b95-8,9606,homo sapiens,P0CK47_Q9UBX5,364
10377,human herpesvirus 4 strain b95-8,9606,homo sapiens,P23246_Q8AZK7,364
10377,human herpesvirus 4 strain b95-8,9606,homo sapiens,P03192_P05556,364
10377,human herpesvirus 4 strain b95-8,9606,homo sapiens,P03188_P28799,364
10377,human herpesvirus 4 strain b95-8,9606,homo sapiens,P03227_Q13077,364
10377,human herpesvirus 4 strain b95-8,9606,homo sapiens,P61289_Q04360,364
10377,human herpesvirus 4 strain b95-8,9606,homo sapiens,P03211_P55209,364
10377,human herpesvirus 4 strain b95-8,9606,homo sapiens,P03185_Q9UEW3,364
10377,human herpesvirus 4 strain b95-8,9606,homo sapiens,O95273_Q8AZJ3,364
10377,human herpesvirus 4 strain b95-8,9606,homo sapiens,P03204_P49908,364
10377,human herpesvirus 4 strain b95-8,9606,homo sapiens,O00505_P03211,364
10377,human herpesvirus 4 strain b95-8,9606,homo sapiens,P03211_Q9UBX5,364
10377,human herpesvirus 4 strain b95-8,9606,homo sapiens,P0CK47_Q8WXE0,364
10377,human herpesvirus 4 strain b95-8,9606,homo sapiens,P03211_Q07021,364
10377,human herpesvirus 4 strain b95-8,9606,homo sapiens,P03206_Q04206,364
10377,human herpesvirus 4 strain b95-8,9606,homo sapiens,P03227_Q8TD10,364
10377,human herpesvirus 4 strain b95-8,9606,homo sapiens,P03204_Q93062,364
10377,human herpesvirus 4 strain b95-8,9606,homo sapiens,O95967_P03211,364
10377,human herpesvirus 4 strain b95-8,9606,homo sapiens,O95816_Q8AZK7,364
10377,human herpesvirus 4 strain b95-8,9606,homo sapiens,P03185_Q9NR46,364
10377,human herpesvirus 4 strain b95-8,9606,homo sapiens,P17844_Q8AZJ7,364
10377,human herpesvirus 4 strain b95-8,9606,homo sapiens,P03230_Q15628,364
10377,human herpesvirus 4 strain b95-8,9606,homo sapiens,Q04360_Q93062,364
10377,human herpesvirus 4 strain b95-8,9606,homo sapiens,O75477_P03185,364
10377,human herpesvirus 4 strain b95-8,9606,homo sapiens,P03230_Q12933,364
10377,human herpesvirus 4 strain b95-8,9606,homo sapiens,P03204_P63165,364
10377,human herpesvirus 4 strain b95-8,9606,homo sapiens,P03185_Q16611,364
10377,human herpesvirus 4 strain b95-8,9606,homo sapiens,P61981_Q8AZK7,364
10377,human herpesvirus 4 strain b95-8,9606,homo sapiens,P29882_Q8N6Y0,364
10377,human herpesvirus 4 strain b95-8,9606,homo sapiens,P03211_Q9H2K2,364
10377,human herpesvirus 4 strain b95-8,9606,homo sapiens,P23497_Q8AZK7,364
10377,human herpesvirus 4 strain b95-8,9606,homo sapiens,P07196_P29882,364
10377,human herpesvirus 4 strain b95-8,9606,homo sapiens,P03177_Q8IYX8,364
10377,human herpesvirus 4 strain b95-8,9606,homo sapiens,P03225_Q5VU43,364
10377,human herpesvirus 4 strain b95-8,9606,homo sapiens,P03188_P18545,364
10377,human herpesvirus 4 strain b95-8,9606,homo sapiens,P03204_P04275,364
10377,human herpesvirus 4 strain b95-8,9606,homo sapiens,P62508_Q8AZK7,364
10377,human herpesvirus 4 strain b95-8,9606,homo sapiens,P25788_Q8AZK7,364
10377,human herpesvirus 4 strain b95-8,9606,homo sapiens,P03193_P19838,364
33708,murid gammaherpesvirus 4,9606,homo sapiens,O41957_Q7Z406,275
33708,murid gammaherpesvirus 4,9606,homo sapiens,P88988_Q9H4A3,275
33708,murid gammaherpesvirus 4,9606,homo sapiens,P36956_P88995,275
33708,murid gammaherpesvirus 4,9606,homo sapiens,P88983_Q96KR1,275
33708,murid gammaherpesvirus 4,9606,homo sapiens,P88992_Q5W0Q7,275
33708,murid gammaherpesvirus 4,9606,homo sapiens,E7ENU5_O41951,275
33708,murid gammaherpesvirus 4,9606,homo sapiens,O15020_P88992,275
33708,murid gammaherpesvirus 4,9606,homo sapiens,P88996_Q14980,275
33708,murid gammaherpesvirus 4,9606,homo sapiens,O41969_P29144,275
33708,murid gammaherpesvirus 4,9606,homo sapiens,O41946_Q4V328,275
33708,murid gammaherpesvirus 4,9606,homo sapiens,E2QRJ1_O41932,275
33708,murid gammaherpesvirus 4,9606,homo sapiens,O41947_Q96KR1,275
33708,murid gammaherpesvirus 4,9606,homo sapiens,O75179_P88980,275
33708,murid gammaherpesvirus 4,9606,homo sapiens,O95373_P88993,275
33708,murid gammaherpesvirus 4,9606,homo sapiens,P15498_P89654,275
33708,murid gammaherpesvirus 4,9606,homo sapiens,O41970_Q01082,275
33708,murid gammaherpesvirus 4,9606,homo sapiens,O41941_Q96SN8,275
33708,murid gammaherpesvirus 4,9606,homo sapiens,O41932_Q9UHD2,275
33708,murid gammaherpesvirus 4,9606,homo sapiens,O41970_Q96SN8,275
33708,murid gammaherpesvirus 4,9606,homo sapiens,P88987_Q9BUQ8,275
33708,murid gammaherpesvirus 4,9606,homo sapiens,P89884_Q92905,275
33708,murid gammaherpesvirus 4,9606,homo sapiens,O41970_Q69YQ0,275
33708,murid gammaherpesvirus 4,9606,homo sapiens,O41941_Q96EA4,275
33708,murid gammaherpesvirus 4,9606,homo sapiens,P88995_Q15005,275
33708,murid gammaherpesvirus 4,9606,homo sapiens,O41955_P63279,275
33708,murid gammaherpesvirus 4,9606,homo sapiens,P12259_P88983,275
33708,murid gammaherpesvirus 4,9606,homo sapiens,O00339_O41949,275
33708,murid gammaherpesvirus 4,9606,homo sapiens,P89653_Q8NFH5,275
33708,murid gammaherpesvirus 4,9606,homo sapiens,P02671_Q9QAI7,275
33708,murid gammaherpesvirus 4,9606,homo sapiens,P10415_P88995,275
33708,murid gammaherpesvirus 4,9606,homo sapiens,O41969_O75925,275
33708,murid gammaherpesvirus 4,9606,homo sapiens,P46939_P89653,275
33708,murid gammaherpesvirus 4,9606,homo sapiens,O00629_O41946,275
33708,murid gammaherpesvirus 4,9606,homo sapiens,P35606_P88988,275
33708,murid gammaherpesvirus 4,9606,homo sapiens,P29375_P89653,275
33708,murid gammaherpesvirus 4,9606,homo sapiens,O41957_Q08379,275
33708,murid gammaherpesvirus 4,9606,homo sapiens,O41949_P00740,275
33708,murid gammaherpesvirus 4,9606,homo sapiens,O94913_P88987,275
33708,murid gammaherpesvirus 4,9606,homo sapiens,P88986_Q03001,275
33708,murid gammaherpesvirus 4,9606,homo sapiens,O41957_P52756,275
33708,murid gammaherpesvirus 4,9606,homo sapiens,O41932_Q3MJ40,275
33708,murid gammaherpesvirus 4,9606,homo sapiens,O41952_Q03001,275
33708,murid gammaherpesvirus 4,9606,homo sapiens,P88987_Q9BU62,275
33708,murid gammaherpesvirus 4,9606,homo sapiens,P02768_P89653,275
33708,murid gammaherpesvirus 4,9606,homo sapiens,O41949_P48960,275
33708,murid gammaherpesvirus 4,9606,homo sapiens,P88980_Q9Y6C2,275
33708,murid gammaherpesvirus 4,9606,homo sapiens,O41956_Q15629,275
33708,murid gammaherpesvirus 4,9606,homo sapiens,P88986_Q86V48,275
33708,murid gammaherpesvirus 4,9606,homo sapiens,O41957_P11021,275
33708,murid gammaherpesvirus 4,9606,homo sapiens,O41962_P21333,275
33708,murid gammaherpesvirus 4,9606,homo sapiens,P15621_P88987,275
33708,murid gammaherpesvirus 4,9606,homo sapiens,P29375_P89884,275
33708,murid gammaherpesvirus 4,9606,homo sapiens,O41957_P34932,275
33708,murid gammaherpesvirus 4,9606,homo sapiens,O41947_O94953,275
33708,murid gammaherpesvirus 4,9606,homo sapiens,P89884_Q13813,275
33708,murid gammaherpesvirus 4,9606,homo sapiens,O14972_P88980,275
33708,murid gammaherpesvirus 4,9606,homo sapiens,O41957_Q9UGI0,275
33708,murid gammaherpesvirus 4,9606,homo sapiens,P89653_Q14457,275
33708,murid gammaherpesvirus 4,9606,homo sapiens,P88991_Q7Z3K3,275
33708,murid gammaherpesvirus 4,9606,homo sapiens,O41941_Q7Z3E2,275
33708,murid gammaherpesvirus 4,9606,homo sapiens,P88983_Q96ST8,275
33708,murid gammaherpesvirus 4,9606,homo sapiens,P88980_Q9BXL7,275
33708,murid gammaherpesvirus 4,9606,homo sapiens,O41974_Q93034,275
33708,murid gammaherpesvirus 4,9606,homo sapiens,O41946_P02671,275
33708,murid gammaherpesvirus 4,9606,homo sapiens,P89653_Q6P0N6,275
33708,murid gammaherpesvirus 4,9606,homo sapiens,O41952_Q9UNK0,275
33708,murid gammaherpesvirus 4,9606,homo sapiens,O41947_Q8N8U9,275
33708,murid gammaherpesvirus 4,9606,homo sapiens,P02675_P88993,275
33708,murid gammaherpesvirus 4,9606,homo sapiens,P27694_P88981,275
33708,murid gammaherpesvirus 4,9606,homo sapiens,O00560_O41955,275
33708,murid gammaherpesvirus 4,9606,homo sapiens,P88987_Q01085,275
33708,murid gammaherpesvirus 4,9606,homo sapiens,O41958_Q96Q89,275
33708,murid gammaherpesvirus 4,9606,homo sapiens,O41957_Q9UJY4,275
33708,murid gammaherpesvirus 4,9606,homo sapiens,O41925_P62987,275
33708,murid gammaherpesvirus 4,9606,homo sapiens,O41932_O60879,275
33708,murid gammaherpesvirus 4,9606,homo sapiens,O41964_Q5VVJ2,275
33708,murid gammaherpesvirus 4,9606,homo sapiens,O41946_P61201,275
33708,murid gammaherpesvirus 4,9606,homo sapiens,O41969_Q9Y4B4,275
33708,murid gammaherpesvirus 4,9606,homo sapiens,O43159_P88996,275
33708,murid gammaherpesvirus 4,9606,homo sapiens,O14640_O41957,275
33708,murid gammaherpesvirus 4,9606,homo sapiens,O41932_Q92558,275
33708,murid gammaherpesvirus 4,9606,homo sapiens,P89884_Q13576,275
33708,murid gammaherpesvirus 4,9606,homo sapiens,O41954_P30622,275
33708,murid gammaherpesvirus 4,9606,homo sapiens,O41939_Q7Z7A1,275
33708,murid gammaherpesvirus 4,9606,homo sapiens,P00439_P89884,275
33708,murid gammaherpesvirus 4,9606,homo sapiens,P88991_Q9Y520,275
33708,murid gammaherpesvirus 4,9606,homo sapiens,P09874_P88996,275
33708,murid gammaherpesvirus 4,9606,homo sapiens,P55268_P88987,275
33708,murid gammaherpesvirus 4,9606,homo sapiens,O41969_Q9UKL3,275
33708,murid gammaherpesvirus 4,9606,homo sapiens,P89653_Q9H074,275
33708,murid gammaherpesvirus 4,9606,homo sapiens,O41963_P02647,275
33708,murid gammaherpesvirus 4,9606,homo sapiens,P89884_Q8NFH5,275
33708,murid gammaherpesvirus 4,9606,homo sapiens,O41970_P02768,275
33708,murid gammaherpesvirus 4,9606,homo sapiens,P89653_Q9HCM1,275
33708,murid gammaherpesvirus 4,9606,homo sapiens,O41952_P05787,275
33708,murid gammaherpesvirus 4,9606,homo sapiens,O41964_Q14203,275
33708,murid gammaherpesvirus 4,9606,homo sapiens,O41946_Q5VU43,275
33708,murid gammaherpesvirus 4,9606,homo sapiens,P88992_Q86T75,275
33708,murid gammaherpesvirus 4,9606,homo sapiens,O41958_P02792,275
33708,murid gammaherpesvirus 4,9606,homo sapiens,O41970_Q03001,275
33708,murid gammaherpesvirus 4,9606,homo sapiens,O41970_Q99996,275
33708,murid gammaherpesvirus 4,9606,homo sapiens,P02792_P89884,275
33708,murid gammaherpesvirus 4,9606,homo sapiens,P18850_P88995,275
33708,murid gammaherpesvirus 4,9606,homo sapiens,O41949_Q5VSY0,275
33708,murid gammaherpesvirus 4,9606,homo sapiens,P88996_Q14203,275
33708,murid gammaherpesvirus 4,9606,homo sapiens,O41952_P02795,275
33708,murid gammaherpesvirus 4,9606,homo sapiens,P88988_Q6UXV4,275
33708,murid gammaherpesvirus 4,9606,homo sapiens,O41949_Q8TCN5,275
33708,murid gammaherpesvirus 4,9606,homo sapiens,P02792_P89653,275
33708,murid gammaherpesvirus 4,9606,homo sapiens,P23508_P88992,275
33708,murid gammaherpesvirus 4,9606,homo sapiens,P0C0L5_P88986,275
33708,murid gammaherpesvirus 4,9606,homo sapiens,P28074_P88980,275
33708,murid gammaherpesvirus 4,9606,homo sapiens,P07900_P88980,275
33708,murid gammaherpesvirus 4,9606,homo sapiens,P89884_Q9H074,275
33708,murid gammaherpesvirus 4,9606,homo sapiens,O41957_Q5M9N0,275
33708,murid gammaherpesvirus 4,9606,homo sapiens,B1AKG1_P88992,275
33708,murid gammaherpesvirus 4,9606,homo sapiens,O41932_Q5SYE7,275
33708,murid gammaherpesvirus 4,9606,homo sapiens,O41958_Q8TDM6,275
33708,murid gammaherpesvirus 4,9606,homo sapiens,O41947_P04196,275
33708,murid gammaherpesvirus 4,9606,homo sapiens,O41931_Q9NY74,275
33708,murid gammaherpesvirus 4,9606,homo sapiens,O41949_P11310,275
33708,murid gammaherpesvirus 4,9606,homo sapiens,P88993_Q9BSL1,275
33708,murid gammaherpesvirus 4,9606,homo sapiens,P13164_P88995,275
33708,murid gammaherpesvirus 4,9606,homo sapiens,O41957_P35749,275
33708,murid gammaherpesvirus 4,9606,homo sapiens,P88993_Q6P0N6,275
33708,murid gammaherpesvirus 4,9606,homo sapiens,O41949_P41235,275
33708,murid gammaherpesvirus 4,9606,homo sapiens,P02647_P88988,275
33708,murid gammaherpesvirus 4,9606,homo sapiens,P88987_Q96KQ7,275
33708,murid gammaherpesvirus 4,9606,homo sapiens,O41949_Q8N720,275
33708,murid gammaherpesvirus 4,9606,homo sapiens,P00439_P89653,275
33708,murid gammaherpesvirus 4,9606,homo sapiens,O41947_P29122,275
33708,murid gammaherpesvirus 4,9606,homo sapiens,O41957_Q9NYW8,275
33708,murid gammaherpesvirus 4,9606,homo sapiens,O41931_P21860,275
33708,murid gammaherpesvirus 4,9606,homo sapiens,O75197_P88995,275
33708,murid gammaherpesvirus 4,9606,homo sapiens,O41951_Q15366,275
33708,murid gammaherpesvirus 4,9606,homo sapiens,O00401_O41932,275
33708,murid gammaherpesvirus 4,9606,homo sapiens,P88987_Q86W92,275
33708,murid gammaherpesvirus 4,9606,homo sapiens,O41941_Q8ND30,275
33708,murid gammaherpesvirus 4,9606,homo sapiens,O41947_Q7Z3K3,275
33708,murid gammaherpesvirus 4,9606,homo sapiens,O41946_Q2M3G4,275
33708,murid gammaherpesvirus 4,9606,homo sapiens,O41970_Q9UPN3,275
33708,murid gammaherpesvirus 4,9606,homo sapiens,P49321_P88993,275
33708,murid gammaherpesvirus 4,9606,homo sapiens,P89884_Q9HCM1,275
33708,murid gammaherpesvirus 4,9606,homo sapiens,P35222_P88980,275
33708,murid gammaherpesvirus 4,9606,homo sapiens,F8W7T7_P88987,275
33708,murid gammaherpesvirus 4,9606,homo sapiens,O41946_Q9UNK0,275
33708,murid gammaherpesvirus 4,9606,homo sapiens,P52735_P89654,275
33708,murid gammaherpesvirus 4,9606,homo sapiens,P89884_Q07812,275
33708,murid gammaherpesvirus 4,9606,homo sapiens,O41932_Q9UMS6,275
33708,murid gammaherpesvirus 4,9606,homo sapiens,P06241_P89654,275
33708,murid gammaherpesvirus 4,9606,homo sapiens,O41947_Q13127,275
33708,murid gammaherpesvirus 4,9606,homo sapiens,O41927_P04196,275
33708,murid gammaherpesvirus 4,9606,homo sapiens,P04114_P88987,275
33708,murid gammaherpesvirus 4,9606,homo sapiens,O41957_O43707,275
33708,murid gammaherpesvirus 4,9606,homo sapiens,P89884_Q03001,275
33708,murid gammaherpesvirus 4,9606,homo sapiens,P04114_P88988,275
33708,murid gammaherpesvirus 4,9606,homo sapiens,O41925_P62988,275
33708,murid gammaherpesvirus 4,9606,homo sapiens,O43395_P88983,275
33708,murid gammaherpesvirus 4,9606,homo sapiens,P88987_Q5JSZ5,275
33708,murid gammaherpesvirus 4,9606,homo sapiens,P88993_Q03001,275
33708,murid gammaherpesvirus 4,9606,homo sapiens,O41957_P14625,275
33708,murid gammaherpesvirus 4,9606,homo sapiens,O41951_Q6IPF4,275
33708,murid gammaherpesvirus 4,9606,homo sapiens,O75387_P88995,275
33708,murid gammaherpesvirus 4,9606,homo sapiens,P89884_Q14457,275
33708,murid gammaherpesvirus 4,9606,homo sapiens,P88993_Q659C4,275
33708,murid gammaherpesvirus 4,9606,homo sapiens,O41931_P02751,275
33708,murid gammaherpesvirus 4,9606,homo sapiens,P88996_Q8IYH5,275
33708,murid gammaherpesvirus 4,9606,homo sapiens,P88991_Q9H4A3,275
33708,murid gammaherpesvirus 4,9606,homo sapiens,O41974_Q15369,275
33708,murid gammaherpesvirus 4,9606,homo sapiens,O41925_P13500,275
33708,murid gammaherpesvirus 4,9606,homo sapiens,O41970_Q9NXG0,275
33708,murid gammaherpesvirus 4,9606,homo sapiens,P88991_Q9ULT8,275
33708,murid gammaherpesvirus 4,9606,homo sapiens,O41966_P12814,275
33708,murid gammaherpesvirus 4,9606,homo sapiens,P89653_Q13813,275
33708,murid gammaherpesvirus 4,9606,homo sapiens,O41947_Q13137,275
33708,murid gammaherpesvirus 4,9606,homo sapiens,P56962_Q9QAI7,275
33708,murid gammaherpesvirus 4,9606,homo sapiens,P88995_Q9H4A3,275
33708,murid gammaherpesvirus 4,9606,homo sapiens,O41952_Q9HCM1,275
33708,murid gammaherpesvirus 4,9606,homo sapiens,O41931_Q4V328,275
33708,murid gammaherpesvirus 4,9606,homo sapiens,P88995_Q8NA29,275
33708,murid gammaherpesvirus 4,9606,homo sapiens,O41957_Q9ULJ7,275
33708,murid gammaherpesvirus 4,9606,homo sapiens,O41949_P05106,275
33708,murid gammaherpesvirus 4,9606,homo sapiens,O41952_Q9Y383,275
33708,murid gammaherpesvirus 4,9606,homo sapiens,O41958_O94875,275
33708,murid gammaherpesvirus 4,9606,homo sapiens,O41949_Q96RI1,275
33708,murid gammaherpesvirus 4,9606,homo sapiens,O41946_Q92905,275
33708,murid gammaherpesvirus 4,9606,homo sapiens,O41970_P02545,275
33708,murid gammaherpesvirus 4,9606,homo sapiens,O41964_Q9H4A3,275
33708,murid gammaherpesvirus 4,9606,homo sapiens,O41946_P34741,275
33708,murid gammaherpesvirus 4,9606,homo sapiens,P88995_Q9NPG4,275
33708,murid gammaherpesvirus 4,9606,homo sapiens,O41957_Q14789,275
33708,murid gammaherpesvirus 4,9606,homo sapiens,P07910_P88983,275
33708,murid gammaherpesvirus 4,9606,homo sapiens,P88980_Q14789,275
33708,murid gammaherpesvirus 4,9606,homo sapiens,O41947_Q9P0J7,275
33708,murid gammaherpesvirus 4,9606,homo sapiens,O41954_Q9NYW8,275
33708,murid gammaherpesvirus 4,9606,homo sapiens,P88987_Q7KZ85,275
33708,murid gammaherpesvirus 4,9606,homo sapiens,P46379_P88980,275
33708,murid gammaherpesvirus 4,9606,homo sapiens,P02768_P88993,275
33708,murid gammaherpesvirus 4,9606,homo sapiens,O41964_Q86UP2,275
33708,murid gammaherpesvirus 4,9606,homo sapiens,O41947_Q86VP1,275
33708,murid gammaherpesvirus 4,9606,homo sapiens,O41931_Q9H3P7,275
33708,murid gammaherpesvirus 4,9606,homo sapiens,P88980_Q9NZN5,275
33708,murid gammaherpesvirus 4,9606,homo sapiens,O41925_Q7Z429,275
33708,murid gammaherpesvirus 4,9606,homo sapiens,P89653_Q13576,275
33708,murid gammaherpesvirus 4,9606,homo sapiens,O94972_P88980,275
33708,murid gammaherpesvirus 4,9606,homo sapiens,P88987_Q86VD5,275
33708,murid gammaherpesvirus 4,9606,homo sapiens,O41957_Q9P2M7,275
33708,murid gammaherpesvirus 4,9606,homo sapiens,O41970_Q14789,275
33708,murid gammaherpesvirus 4,9606,homo sapiens,P88993_Q9UL03,275
33708,murid gammaherpesvirus 4,9606,homo sapiens,P89653_Q92905,275
33708,murid gammaherpesvirus 4,9606,homo sapiens,P88983_Q6ZU65,275
33708,murid gammaherpesvirus 4,9606,homo sapiens,P46939_P89884,275
33708,murid gammaherpesvirus 4,9606,homo sapiens,O41947_Q14966,275
33708,murid gammaherpesvirus 4,9606,homo sapiens,P88991_Q9UHX1,275
33708,murid gammaherpesvirus 4,9606,homo sapiens,O41974_Q04206,275
33708,murid gammaherpesvirus 4,9606,homo sapiens,O41949_Q9NVR5,275
33708,murid gammaherpesvirus 4,9606,homo sapiens,O41964_P46777,275
33708,murid gammaherpesvirus 4,9606,homo sapiens,AAH30133_O41946,275
33708,murid gammaherpesvirus 4,9606,homo sapiens,P88986_Q14789,275
33708,murid gammaherpesvirus 4,9606,homo sapiens,O41951_Q15365,275
33708,murid gammaherpesvirus 4,9606,homo sapiens,O41947_Q96RL1,275
33708,murid gammaherpesvirus 4,9606,homo sapiens,O41958_Q15172,275
33708,murid gammaherpesvirus 4,9606,homo sapiens,P88993_Q01082,275
33708,murid gammaherpesvirus 4,9606,homo sapiens,O41949_Q7Z3S9,275
33708,murid gammaherpesvirus 4,9606,homo sapiens,P88995_Q9GZR7,275
33708,murid gammaherpesvirus 4,9606,homo sapiens,P88991_Q9NZ09,275
33708,murid gammaherpesvirus 4,9606,homo sapiens,P62258_P88993,275
33708,murid gammaherpesvirus 4,9606,homo sapiens,P88980_Q9P1Z2,275
33708,murid gammaherpesvirus 4,9606,homo sapiens,O41966_Q08379,275
33708,murid gammaherpesvirus 4,9606,homo sapiens,P02768_P89884,275
33708,murid gammaherpesvirus 4,9606,homo sapiens,O41969_Q15025,275
33708,murid gammaherpesvirus 4,9606,homo sapiens,O41957_Q86UP2,275
33708,murid gammaherpesvirus 4,9606,homo sapiens,O00410_O41970,275
33708,murid gammaherpesvirus 4,9606,homo sapiens,O41970_Q96PK2,275
33708,murid gammaherpesvirus 4,9606,homo sapiens,O41931_P02675,275
33708,murid gammaherpesvirus 4,9606,homo sapiens,O41941_Q9NXG0,275
33708,murid gammaherpesvirus 4,9606,homo sapiens,P88995_Q8IWB9,275
33708,murid gammaherpesvirus 4,9606,homo sapiens,P21333_P88988,275
33708,murid gammaherpesvirus 4,9606,homo sapiens,O41946_P51665,275
33708,murid gammaherpesvirus 4,9606,homo sapiens,P88997_Q9GZU2,275
33708,murid gammaherpesvirus 4,9606,homo sapiens,O41951_Q9H4A3,275
33708,murid gammaherpesvirus 4,9606,homo sapiens,P88995_Q86VE9,275
33708,murid gammaherpesvirus 4,9606,homo sapiens,P88993_Q15643,275
33708,murid gammaherpesvirus 4,9606,homo sapiens,O41941_P35580,275
33708,murid gammaherpesvirus 4,9606,homo sapiens,P88983_Q9BVJ6,275
33708,murid gammaherpesvirus 4,9606,homo sapiens,O41949_Q92748,275
33708,murid gammaherpesvirus 4,9606,homo sapiens,P88993_Q96SB8,275
33708,murid gammaherpesvirus 4,9606,homo sapiens,P10415_P89653,275
33708,murid gammaherpesvirus 4,9606,homo sapiens,P88996_Q8IWZ3,275
33708,murid gammaherpesvirus 4,9606,homo sapiens,O41969_P63279,275
33708,murid gammaherpesvirus 4,9606,homo sapiens,P88990_Q9GZR7,275
33708,murid gammaherpesvirus 4,9606,homo sapiens,O41949_P24043,275
33708,murid gammaherpesvirus 4,9606,homo sapiens,P89653_Q07817,275
33708,murid gammaherpesvirus 4,9606,homo sapiens,O41951_Q92793,275
33708,murid gammaherpesvirus 4,9606,homo sapiens,O41949_Q9NZV1,275
33708,murid gammaherpesvirus 4,9606,homo sapiens,O41954_O75179,275
33708,murid gammaherpesvirus 4,9606,homo sapiens,O41946_Q01082,275
33708,murid gammaherpesvirus 4,9606,homo sapiens,P28290_P88991,275
33708,murid gammaherpesvirus 4,9606,homo sapiens,O41958_Q16236,275
33708,murid gammaherpesvirus 4,9606,homo sapiens,O15226_O41958,275
33708,murid gammaherpesvirus 4,9606,homo sapiens,O41954_Q9H2P0,275
33708,murid gammaherpesvirus 4,9606,homo sapiens,O41964_Q14152,275
33708,murid gammaherpesvirus 4,9606,homo sapiens,O41966_P14625,275
33708,murid gammaherpesvirus 4,9606,homo sapiens,P88992_Q5VU43,275
33708,murid gammaherpesvirus 4,9606,homo sapiens,O41949_P02751,275
33708,murid gammaherpesvirus 4,9606,homo sapiens,P88993_Q96MT8,275
33708,murid gammaherpesvirus 4,9606,homo sapiens,P36941_P88995,275
33708,murid gammaherpesvirus 4,9606,homo sapiens,O41932_Q8IZ21,275
33708,murid gammaherpesvirus 4,9606,homo sapiens,O41957_Q96AE4,275
33708,murid gammaherpesvirus 4,9606,homo sapiens,P56962_P88990,275
33708,murid gammaherpesvirus 4,9606,homo sapiens,P88995_Q9GZU2,275
33708,murid gammaherpesvirus 4,9606,homo sapiens,O41964_Q9NPI7,275
33708,murid gammaherpesvirus 4,9606,homo sapiens,O41931_P02768,275
33708,murid gammaherpesvirus 4,9606,homo sapiens,O41970_Q9H4A3,275
33708,murid gammaherpesvirus 4,9606,homo sapiens,O41957_Q15643,275
11097,hog cholera virus (strain alfort),9606,homo sapiens,P19712_P36578,93
11097,hog cholera virus (strain alfort),9606,homo sapiens,O76094_P19712,93
11097,hog cholera virus (strain alfort),9606,homo sapiens,P18621_P19712,93
11097,hog cholera virus (strain alfort),9606,homo sapiens,P19712_Q08211,93
11097,hog cholera virus (strain alfort),9606,homo sapiens,P07910_P19712,93
11097,hog cholera virus (strain alfort),9606,homo sapiens,P19712_Q59ES8,93
11097,hog cholera virus (strain alfort),9606,homo sapiens,P19712_Q92499,93
11097,hog cholera virus (strain alfort),9606,homo sapiens,P19712_P84098,93
11097,hog cholera virus (strain alfort),9606,homo sapiens,P19712_P83881,93
11097,hog cholera virus (strain alfort),9606,homo sapiens,P19712_P26640,93
11097,hog cholera virus (strain alfort),9606,homo sapiens,P19712_Q00839,93
11097,hog cholera virus (strain alfort),9606,homo sapiens,P19712_P39023,93
11097,hog cholera virus (strain alfort),9606,homo sapiens,P19712_P27635,93
11097,hog cholera virus (strain alfort),9606,homo sapiens,P19712_P62750,93
11097,hog cholera virus (strain alfort),9606,homo sapiens,P19712_Q96EY7,93
11097,hog cholera virus (strain alfort),9606,homo sapiens,P19712_P46778,93
11097,hog cholera virus (strain alfort),9606,homo sapiens,O43143_P19712,93
11097,hog cholera virus (strain alfort),9606,homo sapiens,P19712_P61247,93
11097,hog cholera virus (strain alfort),9606,homo sapiens,P09211_P19712,93
11097,hog cholera virus (strain alfort),9606,homo sapiens,P19712_Q9NZI8,93
11097,hog cholera virus (strain alfort),9606,homo sapiens,P19712_P62424,93
11097,hog cholera virus (strain alfort),9606,homo sapiens,P19712_Q92841,93
11097,hog cholera virus (strain alfort),9606,homo sapiens,P19712_Q53F35,93
11097,hog cholera virus (strain alfort),9606,homo sapiens,P19712_P31483,93
11097,hog cholera virus (strain alfort),9606,homo sapiens,P19712_P83731,93
11097,hog cholera virus (strain alfort),9606,homo sapiens,P18124_P19712,93
11097,hog cholera virus (strain alfort),9606,homo sapiens,P19712_P61011,93
11097,hog cholera virus (strain alfort),9606,homo sapiens,P19712_Q9BU76,93
11097,hog cholera virus (strain alfort),9606,homo sapiens,P19712_P61254,93
11097,hog cholera virus (strain alfort),9606,homo sapiens,P11940_P19712,93
11097,hog cholera virus (strain alfort),9606,homo sapiens,P19712_P61313,93
11097,hog cholera virus (strain alfort),9606,homo sapiens,P19712_Q9Y262,93
11097,hog cholera virus (strain alfort),9606,homo sapiens,P19712_P62899,93
11097,hog cholera virus (strain alfort),9606,homo sapiens,P19712_Q53HK9,93
11097,hog cholera virus (strain alfort),9606,homo sapiens,P19712_P23396,93
11097,hog cholera virus (strain alfort),9606,homo sapiens,P19712_P49458,93
11097,hog cholera virus (strain alfort),9606,homo sapiens,P12956_P19712,93
11097,hog cholera virus (strain alfort),9606,homo sapiens,B3KNR3_P19712,93
11097,hog cholera virus (strain alfort),9606,homo sapiens,P19712_Q13435,93
11097,hog cholera virus (strain alfort),9606,homo sapiens,P19712_P26373,93
11097,hog cholera virus (strain alfort),9606,homo sapiens,P14923_P19712,93
11097,hog cholera virus (strain alfort),9606,homo sapiens,P19712_P67809,93
11097,hog cholera virus (strain alfort),9606,homo sapiens,P19712_Q99729,93
11097,hog cholera virus (strain alfort),9606,homo sapiens,B5BTY4_P19712,93
11097,hog cholera virus (strain alfort),9606,homo sapiens,O60832_P19712,93
11097,hog cholera virus (strain alfort),9606,homo sapiens,P04844_P19712,93
11097,hog cholera virus (strain alfort),9606,homo sapiens,P19712_P62701,93
11097,hog cholera virus (strain alfort),9606,homo sapiens,P05455_P19712,93
11097,hog cholera virus (strain alfort),9606,homo sapiens,P19712_Q02413,93
11097,hog cholera virus (strain alfort),9606,homo sapiens,P19712_P52272,93
11097,hog cholera virus (strain alfort),9606,homo sapiens,P17844_P19712,93
11097,hog cholera virus (strain alfort),9606,homo sapiens,P19712_Q9BUJ2,93
11097,hog cholera virus (strain alfort),9606,homo sapiens,P19712_P37108,93
11097,hog cholera virus (strain alfort),9606,homo sapiens,P19712_P62277,93
11097,hog cholera virus (strain alfort),9606,homo sapiens,P19712_Q9Y285,93
11097,hog cholera virus (strain alfort),9606,homo sapiens,P19712_Q59FI9,93
11097,hog cholera virus (strain alfort),9606,homo sapiens,P19712_Q9H6T3,93
11097,hog cholera virus (strain alfort),9606,homo sapiens,P15880_P19712,93
11097,hog cholera virus (strain alfort),9606,homo sapiens,P19712_Q0VAC0,93
11097,hog cholera virus (strain alfort),9606,homo sapiens,P08579_P19712,93
11097,hog cholera virus (strain alfort),9606,homo sapiens,F8W7C6_P19712,93
11097,hog cholera virus (strain alfort),9606,homo sapiens,P19712_Q02543,93
11097,hog cholera virus (strain alfort),9606,homo sapiens,P19712_Q9BVP2,93
11097,hog cholera virus (strain alfort),9606,homo sapiens,P19712_Q5JR94,93
11097,hog cholera virus (strain alfort),9606,homo sapiens,O00571_P19712,93
11097,hog cholera virus (strain alfort),9606,homo sapiens,P19712_P38159,93
11097,hog cholera virus (strain alfort),9606,homo sapiens,P19712_P61978,93
11097,hog cholera virus (strain alfort),9606,homo sapiens,P19712_P62266,93
11097,hog cholera virus (strain alfort),9606,homo sapiens,P19712_Q12906,93
11097,hog cholera virus (strain alfort),9606,homo sapiens,P19712_P39019,93
11097,hog cholera virus (strain alfort),9606,homo sapiens,P19712_P62263,93
11097,hog cholera virus (strain alfort),9606,homo sapiens,P19712_Q9UHB9,93
11097,hog cholera virus (strain alfort),9606,homo sapiens,P19712_P28161,93
11097,hog cholera virus (strain alfort),9606,homo sapiens,P19712_P31943,93
11097,hog cholera virus (strain alfort),9606,homo sapiens,P19712_P22626,93
11097,hog cholera virus (strain alfort),9606,homo sapiens,P19712_Q13347,93
11097,hog cholera virus (strain alfort),9606,homo sapiens,P19712_P62913,93
11097,hog cholera virus (strain alfort),9606,homo sapiens,P19712_P62851,93
11097,hog cholera virus (strain alfort),9606,homo sapiens,P19712_Q9NPI6,93
11097,hog cholera virus (strain alfort),9606,homo sapiens,P19712_Q53GX7,93
11097,hog cholera virus (strain alfort),9606,homo sapiens,P19712_P62081,93
11097,hog cholera virus (strain alfort),9606,homo sapiens,P19712_Q9Y3D9,93
11097,hog cholera virus (strain alfort),9606,homo sapiens,P19712_P52292,93
11097,hog cholera virus (strain alfort),9606,homo sapiens,P18077_P19712,93
11097,hog cholera virus (strain alfort),9606,homo sapiens,P19712_P46782,93
11097,hog cholera virus (strain alfort),9606,homo sapiens,P19712_P54577,93
11097,hog cholera virus (strain alfort),9606,homo sapiens,P19712_Q8NC51,93
11097,hog cholera virus (strain alfort),9606,homo sapiens,C7DJS2_P19712,93
11097,hog cholera virus (strain alfort),9606,homo sapiens,P19712_P62244,93
11097,hog cholera virus (strain alfort),9606,homo sapiens,P19338_P19712,93
11097,hog cholera virus (strain alfort),9606,homo sapiens,P19712_Q59GL1,93
11097,hog cholera virus (strain alfort),9606,homo sapiens,P19712_Q9Y5A9,93
11097,hog cholera virus (strain alfort),9606,homo sapiens,P19712_Q92900,93
1891767,macaca mulatta polyomavirus 1,9606,homo sapiens,P03070_P20248,65
1891767,macaca mulatta polyomavirus 1,9606,homo sapiens,P03070_Q969H0,65
1891767,macaca mulatta polyomavirus 1,9606,homo sapiens,P03070_P15927,65
1891767,macaca mulatta polyomavirus 1,9606,homo sapiens,P03070_P62633,65
1891767,macaca mulatta polyomavirus 1,9606,homo sapiens,P03070_Q9UHH9,65
1891767,macaca mulatta polyomavirus 1,9606,homo sapiens,O00505_P03070,65
1891767,macaca mulatta polyomavirus 1,9606,homo sapiens,P03070_P20226,65
1891767,macaca mulatta polyomavirus 1,9606,homo sapiens,O92837_P52292,65
1891767,macaca mulatta polyomavirus 1,9606,homo sapiens,P03070_Q8N983,65
1891767,macaca mulatta polyomavirus 1,9606,homo sapiens,P03070_P06493,65
1891767,macaca mulatta polyomavirus 1,9606,homo sapiens,P03070_P62195,65
1891767,macaca mulatta polyomavirus 1,9606,homo sapiens,P03081_P67775,65
1891767,macaca mulatta polyomavirus 1,9606,homo sapiens,P03070_Q13547,65
1891767,macaca mulatta polyomavirus 1,9606,homo sapiens,P03070_P17480,65
1891767,macaca mulatta polyomavirus 1,9606,homo sapiens,P03070_P16989,65
1891767,macaca mulatta polyomavirus 1,9606,homo sapiens,P03070_Q96NL6,65
1891767,macaca mulatta polyomavirus 1,9606,homo sapiens,O60870_P03070,65
1891767,macaca mulatta polyomavirus 1,9606,homo sapiens,P03070_P27694,65
1891767,macaca mulatta polyomavirus 1,9606,homo sapiens,P03070_Q00577,65
1891767,macaca mulatta polyomavirus 1,9606,homo sapiens,P03070_Q99497,65
1891767,macaca mulatta polyomavirus 1,9606,homo sapiens,P03070_P62826,65
1891767,macaca mulatta polyomavirus 1,9606,homo sapiens,P03070_P21675,65
1891767,macaca mulatta polyomavirus 1,9606,homo sapiens,P03070_P07305,65
1891767,macaca mulatta polyomavirus 1,9606,homo sapiens,P03070_Q8TBB1,65
1891767,macaca mulatta polyomavirus 1,9606,homo sapiens,P03070_P61244,65
1891767,macaca mulatta polyomavirus 1,9606,homo sapiens,P03070_Q6PEY2,65
1891767,macaca mulatta polyomavirus 1,9606,homo sapiens,P03081_P30153,65
1891767,macaca mulatta polyomavirus 1,9606,homo sapiens,P03070_P53805,65
1891767,macaca mulatta polyomavirus 1,9606,homo sapiens,P03070_Q9NTK5,65
1891767,macaca mulatta polyomavirus 1,9606,homo sapiens,P03070_P50222,65
1891767,macaca mulatta polyomavirus 1,9606,homo sapiens,P03070_Q09472,65
1891767,macaca mulatta polyomavirus 1,9606,homo sapiens,P03070_P24278,65
1891767,macaca mulatta polyomavirus 1,9606,homo sapiens,P03087_P09874,65
1891767,macaca mulatta polyomavirus 1,9606,homo sapiens,O00629_P03070,65
1891767,macaca mulatta polyomavirus 1,9606,homo sapiens,P03070_P24941,65
1891767,macaca mulatta polyomavirus 1,9606,homo sapiens,P03070_P08047,65
1891767,macaca mulatta polyomavirus 1,9606,homo sapiens,P03070_Q8NHQ9,65
1891767,macaca mulatta polyomavirus 1,9606,homo sapiens,P03070_P52294,65
1891767,macaca mulatta polyomavirus 1,9606,homo sapiens,P03070_P52292,65
1891767,macaca mulatta polyomavirus 1,9606,homo sapiens,P03070_Q13433,65
1891767,macaca mulatta polyomavirus 1,9606,homo sapiens,P03070_P11387,65
1891767,macaca mulatta polyomavirus 1,9606,homo sapiens,P03070_Q9UM19,65
1891767,macaca mulatta polyomavirus 1,9606,homo sapiens,O92837_P08047,65
1891767,macaca mulatta polyomavirus 1,9606,homo sapiens,P03070_P04637,65
1891767,macaca mulatta polyomavirus 1,9606,homo sapiens,P03070_Q13895,65
1891767,macaca mulatta polyomavirus 1,9606,homo sapiens,O60684_P03070,65
1891767,macaca mulatta polyomavirus 1,9606,homo sapiens,P03087_Q14974,65
1891767,macaca mulatta polyomavirus 1,9606,homo sapiens,P03070_Q92793,65
1891767,macaca mulatta polyomavirus 1,9606,homo sapiens,P03070_P28347,65
1891767,macaca mulatta polyomavirus 1,9606,homo sapiens,P03070_Q9HC62,65
1891767,macaca mulatta polyomavirus 1,9606,homo sapiens,P03087_P08047,65
1891767,macaca mulatta polyomavirus 1,9606,homo sapiens,P03070_P06400,65
1891767,macaca mulatta polyomavirus 1,9606,homo sapiens,P03070_P35568,65
1891767,macaca mulatta polyomavirus 1,9606,homo sapiens,P03070_Q8TD10,65
1891767,macaca mulatta polyomavirus 1,9606,homo sapiens,P03070_P09884,65
1891767,macaca mulatta polyomavirus 1,9606,homo sapiens,P03087_P52292,65
1891767,macaca mulatta polyomavirus 1,9606,homo sapiens,P03070_P68400,65
1891767,macaca mulatta polyomavirus 1,9606,homo sapiens,P03070_Q00403,65
1891767,macaca mulatta polyomavirus 1,9606,homo sapiens,O43684_P03070,65
1891767,macaca mulatta polyomavirus 1,9606,homo sapiens,O92837_P09874,65
1891767,macaca mulatta polyomavirus 1,9606,homo sapiens,O43186_P03070,65
1891767,macaca mulatta polyomavirus 1,9606,homo sapiens,P03070_Q86VM9,65
1891767,macaca mulatta polyomavirus 1,9606,homo sapiens,O43683_P03070,65
1891767,macaca mulatta polyomavirus 1,9606,homo sapiens,P03070_Q96LI6,65
1891767,macaca mulatta polyomavirus 1,9606,homo sapiens,O92837_Q14974,65
10390,gallid alphaherpesvirus 2,9606,homo sapiens,E7DBL9_P18846,13
10390,gallid alphaherpesvirus 2,9606,homo sapiens,E7DBL9_P18847,13
10390,gallid alphaherpesvirus 2,9606,homo sapiens,E7DBL9_P35638,13
10390,gallid alphaherpesvirus 2,9606,homo sapiens,E7DBL9_P15336,13
10390,gallid alphaherpesvirus 2,9606,homo sapiens,E7DBL9_P17535,13
10390,gallid alphaherpesvirus 2,9606,homo sapiens,E7DBL9_P05412,13
10390,gallid alphaherpesvirus 2,9606,homo sapiens,E7DBL9_Q16621,13
10390,gallid alphaherpesvirus 2,9606,homo sapiens,E7DBL9_Q9NR55,13
10390,gallid alphaherpesvirus 2,9606,homo sapiens,E7DBL9_O14867,13
10390,gallid alphaherpesvirus 2,9606,homo sapiens,E7DBL9_P16220,13
10390,gallid alphaherpesvirus 2,9606,homo sapiens,E7DBL9_P17275,13
10390,gallid alphaherpesvirus 2,9606,homo sapiens,E7DBL9_Q16649,13
10390,gallid alphaherpesvirus 2,9606,homo sapiens,E7DBL9_P17544,13
11723,simian immunodeficiency virus,9606,homo sapiens,Q02843_Q99816,12
11723,simian immunodeficiency virus,9606,homo sapiens,Q02842_Q59H15,12
11723,simian immunodeficiency virus,9606,homo sapiens,A0A024R7J7_Q02842,12
11723,simian immunodeficiency virus,9606,homo sapiens,Q02843_Q8WUM4,12
11723,simian immunodeficiency virus,9606,homo sapiens,Q02843_Q9H0M0,12
11723,simian immunodeficiency virus,9606,homo sapiens,Q02842_Q16531,12
11723,simian immunodeficiency virus,9606,homo sapiens,A0A0A0MR50_Q02842,12
11723,simian immunodeficiency virus,9606,homo sapiens,E9PJK2_Q02840,12
11723,simian immunodeficiency virus,9606,homo sapiens,Q02841_Q93034,12
11723,simian immunodeficiency virus,9606,homo sapiens,A0A024R7Y5_Q02840,12
11723,simian immunodeficiency virus,9606,homo sapiens,Q02842_Q9Y4B6,12
11723,simian immunodeficiency virus,9606,homo sapiens,A0A024R6X2_Q02840,12
10326,equid alphaherpesvirus 1,9606,homo sapiens,L8B1Q7_P24928,7
10326,equid alphaherpesvirus 1,9606,homo sapiens,P01024_Q6F4H9,7
10326,equid alphaherpesvirus 1,9606,homo sapiens,P24928_Q5NTY3,7
10326,equid alphaherpesvirus 1,9606,homo sapiens,L8B1Q7_P20226,7
10326,equid alphaherpesvirus 1,9606,homo sapiens,P87662_Q00403,7
10326,equid alphaherpesvirus 1,9606,homo sapiens,P20226_Q5NTY3,7
10326,equid alphaherpesvirus 1,9606,homo sapiens,P20226_P87662,7
12643,ectromelia virus,9606,homo sapiens,O57300_Q9NRJ3,7
12643,ectromelia virus,9606,homo sapiens,P01579_Q66793,7
12643,ectromelia virus,9606,homo sapiens,O57300_P48061,7
12643,ectromelia virus,9606,homo sapiens,Q14116_Q9IW12,7
12643,ectromelia virus,9606,homo sapiens,O43927_O57300,7
12643,ectromelia virus,9606,homo sapiens,O57300_O95715,7
12643,ectromelia virus,9606,homo sapiens,O57300_P78556,7
648235,murine minute virus strain mvm prototype,9606,homo sapiens,P03134_P62258,5
648235,murine minute virus strain mvm prototype,9606,homo sapiens,P03134_P63104,5
648235,murine minute virus strain mvm prototype,9606,homo sapiens,O14980_P03134,5
648235,murine minute virus strain mvm prototype,9606,homo sapiens,P03134_P31946,5
648235,murine minute virus strain mvm prototype,9606,homo sapiens,P03134_Q16637,5
10329,equine herpesvirus type 1 (strain kentucky a),9606,homo sapiens,P17473_Q00403,4
10329,equine herpesvirus type 1 (strain kentucky a),9606,homo sapiens,P20226_Q05906,4
10329,equine herpesvirus type 1 (strain kentucky a),9606,homo sapiens,P17473_P35268,4
10329,equine herpesvirus type 1 (strain kentucky a),9606,homo sapiens,P17473_P20226,4
992212,sfts virus hb29,9606,homo sapiens,F1BA48_O95786,4
992212,sfts virus hb29,9606,homo sapiens,F1BA49_Q9UHD2,4
992212,sfts virus hb29,9606,homo sapiens,F1BA49_Q14258,4
992212,sfts virus hb29,9606,homo sapiens,F1BA49_O95786,4
928306,moloney murine leukemia virus isolate shinnick,9606,homo sapiens,P03332_P19338,4
928306,moloney murine leukemia virus isolate shinnick,9606,homo sapiens,P03332_Q9C035,4
928306,moloney murine leukemia virus isolate shinnick,9606,homo sapiens,P03332_Q99961,4
928306,moloney murine leukemia virus isolate shinnick,9606,homo sapiens,P00519_P03332,4
1891730,mus musculus polyomavirus 1,9606,homo sapiens,P0DOJ6_Q09472,4
1891730,mus musculus polyomavirus 1,9606,homo sapiens,P0DOJ9_P67775,4
1891730,mus musculus polyomavirus 1,9606,homo sapiens,P0DOJ6_Q92793,4
1891730,mus musculus polyomavirus 1,9606,homo sapiens,P0DOJ9_P27986,4
82831,equid herpesvirus type 2 strain 86/87,9606,homo sapiens,Q66677_Q9Y4K3,3
82831,equid herpesvirus type 2 strain 86/87,9606,homo sapiens,O95999_Q66677,3
82831,equid herpesvirus type 2 strain 86/87,9606,homo sapiens,Q14790_Q66674,3
11208,simian virus 5 (strain w3),9606,homo sapiens,P11207_Q9BYX4,3
11208,simian virus 5 (strain w3),9606,homo sapiens,P11207_Q16531,3
11208,simian virus 5 (strain w3),9606,homo sapiens,P11207_P52630,3
11624,lymphocytic choriomeningitis virus (strain armstrong),9606,homo sapiens,A0A218M2D5_Q5JQF8,3
11624,lymphocytic choriomeningitis virus (strain armstrong),9606,homo sapiens,A0A218M2D5_O00571,3
11624,lymphocytic choriomeningitis virus (strain armstrong),9606,homo sapiens,A0A218M2D5_P19474,3
31518,bovine herpesvirus type 1.1 (strain jura),9606,homo sapiens,P29128_Q13547,3
31518,bovine herpesvirus type 1.1 (strain jura),9606,homo sapiens,P29128_Q92985,3
31518,bovine herpesvirus type 1.1 (strain jura),9606,homo sapiens,P29128_P41222,3
10243,cowpox virus,9606,homo sapiens,P01375_Q9YP87,3
10243,cowpox virus,9606,homo sapiens,Q8QMZ1_Q9NP66,3
10243,cowpox virus,9606,homo sapiens,O15444_Q9YP87,3
10345,suid alphaherpesvirus 1,9606,homo sapiens,Q13153_Q5PP90,2
10345,suid alphaherpesvirus 1,9606,homo sapiens,Q13177_Q5PP90,2
11628,machupo mammarenavirus,9606,homo sapiens,O95786_Q6IUF9,2
11628,machupo mammarenavirus,9606,homo sapiens,P02786_Q8AZ57,2
73475,chicken anemia virus cuxhaven-1/germany,9606,homo sapiens,Q99152_Q9H2H8,2
73475,chicken anemia virus cuxhaven-1/germany,9606,homo sapiens,P27986_Q99152,2
11759,mouse mammary tumor virus (strain c3h),9606,homo sapiens,AF033807_P40763,2
11759,mouse mammary tumor virus (strain c3h),9606,homo sapiens,AF033807_P06401,2
10636,murine polyomavirus strain a2,9606,homo sapiens,P03077_P29353,2
10636,murine polyomavirus strain a2,9606,homo sapiens,P03077_P06241,2
10530,murine adenovirus 1,9606,homo sapiens,P06400_P12533,1
10324,bovine herpesvirus type 1.1 (strain p8-2),9606,homo sapiens,P30020_P51610,1
11801,moloney murine leukemia virus,9606,homo sapiens,P29590_Q8UN00,1
11098,classical swine fever virus - brescia,9606,homo sapiens,P21530_P25963,1
265874,ectromelia virus moscow,9606,homo sapiens,O60486_Q8JL80,1
358769,classical swine fever virus - alfort/187,9606,homo sapiens,O00165_Q68871,1
10560,bovine papillomavirus type 2,9606,homo sapiens,O60885_P11298,1
10684,bacillus phage pbs2,9606,homo sapiens,P13051_P14739,1
11142,murine hepatitis virus strain a59,9606,homo sapiens,P03416_P09651,1
11100,bovine viral diarrhea virus 1-nadl,9606,homo sapiens,P19711_Q14653,1
450149,simian rotavirus a/sa11-h96,9606,homo sapiens,A2T3M4_Q7Z434,1
